May 2026,May 2025,Change,Programming Language,Ratings,Change
1
1
P,y,t,h,o,n
1,9,.,9,8,%
-,5,.,3,7,%
2
3
C
1,1,.,5,5,%
+,1,.,8,4,%
3
4
J,a,v,a
7,.,9,4,%
-,1,.,3,7,%
4
2
C,+,+
7,.,9,2,%
-,2,.,0,2,%
5
5
C,#
5,.,4,1,%
+,1,.,1,9,%
6
6
J,a,v,a,S,c,r,i,p,t
3,.,0,8,%
-,0,.,6,0,%
7
8
V,i,s,u,a,l, ,B,a,s,i,c
2,.,9,0,%
+,0,.,2,8,%
8
1,2
R
1,.,7,7,%
+,0,.,3,1,%
9
1,0
S,Q,L
1,.,5,7,%
-,0,.,3,3,%
1,0
9
D,e,l,p,h,i,/,O,b,j,e,c,t, ,P,a,s,c,a,l
1,.,4,4,%
-,0,.,8,5,%
1,1
1,1
F,o,r,t,r,a,n
1,.,2,2,%
-,0,.,5,5,%
1,2
1,4
S,c,r,a,t,c,h
1,.,1,8,%
-,0,.,1,6,%
1,3
1,6
P,e,r,l
1,.,1,8,%
-,0,.,0,2,%
1,4
1,5
P,H,P
1,.,1,5,%
-,0,.,0,7,%
1,5
1,9
R,u,s,t
1,.,1,4,%
+,0,.,2,1,%
1,6
7
G,o
1,.,1,2,%
-,1,.,5,8,%
1,7
1,8
A,s,s,e,m,b,l,y, ,l,a,n,g,u,a,g,e
1,.,0,2,%
+,0,.,0,5,%
1,8
2,3
S,w,i,f,t
0,.,9,3,%
+,0,.,1,6,%
1,9
1,3
A,d,a
0,.,9,2,%
-,0,.,5,0,%
2,0
1,7
M,A,T,L,A,B
0,.,8,9,%
-,0,.,1,3,%
